Items,Category
movie streaming subscription,utility
top up dana,utility
top up google play,utility
top up dana,utility
top up google play,utility
Top up Flazz BCA,utility
Top up BNI Prepaid,utility
Mandiri E-Money,utility
purchase gift card,utility
PLN Electricity Token,utility
PLN Electricity Postpaid,utility
PDAM Water Bill,utility
SPayLater Bills,utility
Telkomsel Prepaid,utility
XL Axiata Prepaid,utility
Indosat Ooredoo Prepaid,utility
Smartfren Prepaid,utility
Tri Prepaid,utility
fitness app subscription,utility
PULSA ELEKTRIK ALL 469 OPERATOR&TOKEN PLN,utility
Alfamart,utility
Indomaret,utility
GoPay,utility
OVO,utility
Dana,utility
LinkAja,utility
ShopeePay,utility
Tokopedia,utility
GrabPay,utility
Jenius,utility
BCA Mobile,utility
Mandiri e-cash,utility
XL Axiata,utility
Telkomsel,utility
Tri (3),utility
Smartfren,utility
PLN Mobile,utility
Tagihan Listrik,utility
PPOB (Payment Point Online Bank),utility
iSaku,utility
CIMB Clicks,utility
BRI Mobile,utility
Maybank Mobile,utility
Jenius,utility
DANA,utility
TCASH,utility
Kredivo,utility
Kudo,utility
Akulaku,utility
M-Banking (Mobile Banking),utility
BRIVA (BRI Virtual Account),utility
Mandiri Virtual Account,utility
BNI Virtual Account,utility
PermataBank Mobile,utility
CIMB Niaga Mobile,utility
DigiCash,utility
TrueMoney,utility
Kioson,utility
iMoney,utility
Payfazz,utility
Sakuku,utility
Uangku,utility
Doku Wallet,utility
DigiPos,utility
KoinWorks,utility
Flip,utility
KlikBCA,utility
Tunaiku,utility
Taralite,utility
PayPro,utility
AkuLaku,utility
BukaDompet,utility
Akulaku,utility
KreditPlus,utility
UangTeman,utility
KitaBisa,utility
KitabisaGoPay,utility
Shopee Gift Card,utility
BPJS Asuransi Kesehatan,utility
BPJS Asuransi Ketenagakerjaan,utility
BPJS Jaminan Hari Tua,utility
BPJS Jaminan Kecelakaan Kerja,utility
BPJS Jaminan Kematian,utility
BPJS Jaminan Pensiun,utility
BPJS Jaminan Kehilangan Pekerjaan,utility
Car Credit,utility
Motorcycle Credit,utility
HSBC Credit Card,utility
BRI Credit Card,utility
BCA Credit Card,utility
Mandiri Credit Card,utility
DBS Credit Card,utility
Bank Mega Credit Card,utility
PermataBank Credit Card,utility
Netflix Subscription,utility
DIsney Hotstar Subscription,utility
Instagram Subscription,utility
Spotify Subscription,utility
ICloud Subscription,utility
Drive Subscription,utility
OneDrive Subscription,utility
YouTube Subscription,utility
Cashlez,utility
Triv,utility
WeChat Pay,utility
AyoPay,utility
PintarMoney,utility
Taralite,utility
Amartha,utility
Flip,utility
Pluang,utility
DuitPintar,utility
SaktiCash,utility
GudangVoucher,utility
Go-Bills,utility
Kredit Pintar,utility
Kredivo,utility
Taralite,utility
UangMe,utility
Cicil,utility
HaloMoney,utility
Gopay Later Bills,utility
Zakat,utility
Bibit Reksadana dan Obligasi,utility
Pluang-Trading,utility
Ajaib Saham dan Reksadana,utility
Stockbit Investasi Saham,utility
Bareksa ,utility
BInance Bitcoin and Crypto,utility
TradingView,utility
IPOT,utility
Valbury,utility
MAPClub,utility
MiTrade,utility
Makmur Investasi Reksadana,utility
Raiz Invest,utility
InvestASIK,utility
Nanovest,utility
Tanamduit,utility
InvestasiKu,utility
Treasury,utility
MIFXOctaBroker,utility
Neobank,utility
Julo,utility
Investree,utility
FIFORLif,utility
DanaDidik,utility
donation,others
event ticket,others
book,others
bus ticket,others
grocery shopping list,others
car air freshener,others
gardening tools,others
painting supplies,others
language learning course,others
board game,others
organic skincare set,others
concert tickets,others
home decor items,others
novelty phone case,others
pet grooming kit,others
virtual event ticket,others
board game expansion pack,others
puzzle book,others
subscription box,others
travel guidebook,others
candle set,others
gourmet coffee beans,others
charity donation,others
online course subscription,others
self-help book,others
puzzle game app,others
artisanal soap set,others
local art print,others
sustainable water bottle,others
bike rental,others
charitable donation,others
software subscription,others
board game night snacks,others
foreign language dictionary,others
handcrafted jewelry,others
local farmer's market produce,others
plant-based cookbook,others
city bus pass,others
donasi amal,others
paket langganan majalah,others
alat musik tradisional,others
batik tulis asli,others
klasifikasi sampah,others
kuliner lokal tur,others
tempat duduk konser,others
charity fund donation,others
local handicrafts,others
virtual language learning class,others
board game night snacks,others
kuliah online,others
authentic Indonesian spices,others
kursi konser,others
donasi amal with Dompet Dhuafa,others
local handicrafts by Tulisan,others
virtual language learning class with Duolingo,others
board game night snacks with Mondelez International,others
online course with Udemy,others
authentic Indonesian spices by Indofood,others
kursi konser by Tiket.com,others
monthly charity subscription with Kitabisa,others
handmade crafts by Dapoer Keramik,others
online language course with Babbel,others
snack assortment box by Nestlé,others
e-learning platform with Coursera,others
local spice blends by Bamboe,others
exclusive concert tickets by Loket.com,others
RINSO ANTI NODA ,others
RINSO MOLTO ,others
ATTACK EASY ,others
ATTACK SOFTENER ,others
ATTACK MAXIMIZER ,others
ATTACK COLOUR ,others
SURF CLEAN FRESH ,others
SURF LEMON FRESH ,others
BUKRIM 5000 MERA,others
BUKRIM 5000 LEMON,others
WOW FRESH LIME,others
WOW EXOTIC FLOWER,others
WOW SEJUTA BUNGA,others
SUN LIGHT JERUK NIPIS 800ML,others
SUN LIGHT JERUK NIPIS 400ML,others
SUN LIGHT JERUK NIPIS 200ML,others
SUPER PELL PINE ESSENCE 800ML,others
SUPER PELL CHERRY RED 800ML,others
SUPER PELL APPLE 800ML,others
SUPER PELL LEMON 800ML,others
SUPER PELL SHINE GREEN 800ML,others
SUPER PELL WHITE LILY 800ML,others
SUPER PELL GARDEN 800ML,others
MOLTO ULTRA BIRU 300ML,others
MOLTO ULTRA PINK 300ML,others
MOLTO SOFTENER BLOSSOM PINK 900ML,others
MOLTO SOFTERNER SPRING BLUE 900ML,others
MOLTO PEWANGI FLOWER SHOWER 900ML,others
MOLTO PEWANGI FLORAL BLISS 900ML,others
PEPSODENT WHITENING,others
PEPSODENT HERBAL,others
PEPSODENT GIGI BERLUBANG,others
CLOSE UP MENTHOL,others
CLOSE UP MILK CALSIUM,others
PEPSODENT STAWBERRY BUBBLE,others
CUSSON KID ORANGE,others
CUSSON KID APPLE,others
CUSSON KID STRAWBERRY,others
BIORE HEALTHY PLUS 250ML,others
BIORE DAILY ANTISEPTIC 250ML,others
BIORE ACTIVE DEODORANT 250ML,others
BIORE PURE MILD 250ML,others
BIORE WHITENING SCRUB 250ML,others
BIORE ENERGIZING COOL 250ML,others
LIFEBUOY NATURE PURE 250ML,others
LIFEBUIY TOTALPROTECT 250ML,others
LIFEBUOY MILDCARE 250ML,others
LIFEBUOY ACTIFRESH,others
LUX MAGIC SPELL 250ML,others
LUX POWER ME UP 250ML,others
LUX WAKE ME UP 250ML,others
BIORE RELAXING AROMATIC 100ML,others
BIORE DAILY ANTISEPTIC 100ML,others
BIORE ACTIVE DEODORANT 100ML,others
BIORE PURE MILD 100ML,others
BIORE WHITENING SCRUB 100ML,others
BIORE ENERGIZING COOL 100ML,others
LUX WHITE GLAMOUR 100ML,others
LUX SOFT KISS 100ML,others
LUX WAKE ME UP 100ML,others
LUX VELVET TOUCH 100ML,others
YURI HAND SOAP ORANGE 375ML,others
YURI HAND SOAP APPLE 375ML,others
YURI HAND SOAP GRAPE 375ML,others
KISPRAY AMORIS 318ML,others
KISPRAY VIOLET 318ML,others
KISPRAY SEGERIS 318ML,others
KISPRAY BLUIS 318ML,others
CHARM EXTRA MAXI WINGS,others
CHARM EXTRA MAXI,others
CHARM EXTRA MAXI WINGS,others
CHARM EXTRA MAXI,others
CHARM EXTRA REGULER,others
CHARM NIGHT 35CM,others
CHARM NIGHT 28CM,others
BAGUS NINA NIGHT WINGS,others
BAGUS NINA DAY WINGS,others
LAURIER SUPER MAXI WINGS,others
LAURIER SUPER REGULER,others
LAURIER SUPER MAXI WING,others
LAURIER SUPER REGULER,others
CHARM UNSCENTED,others
CHARM NATURAL FLOWER SCENT,others
LAURIER PERFUME,others
LAURIER NON PERFUME,others
shampo,others
CLEAR MEN,others
CLEAR ITCH,others
CLEAR ICE COOL,others
CLEAR HAIR FALL,others
DOVE INTENSE,others
DOVE ANTI DANDRUF,others
H & S CLEAN N BALANCE,others
H & S SELEMBUTN SUTRA,others
PANTENE TOTAL CARE,others
PANTENE HITAM,others
PANTENE SMOOTH SILKY,others
PANTENE ANTI DANDRUF,others
REJOICE FAMILY,others
REJOICE COMPLETE,others
REJOCE SILKY BLACK,others
SUNSILK SOFT N SMOOTH,others
SUNSILK CLEAN N FRESH,others
SUNSILK STYLE,others
LIFEBUOY ANTI DANDRUF,others
LIFEBUOY ANTI HAIRFALL,others
LIFEBUOY CLEAN THIC,others
LUX PINK,others
LUX ORANGE,others
LUX BIRU,others
LUX PUTIH,others
LUX KUNING,others
LIFEBUOY MERAH,others
LIFEBUOY KUNING,others
LIFEBUOY HIJAU,others
LIFEBUOY BIRU,others
SHINZUI SAKURA,others
SHINZUI HANA,others
SHINZUI ORIGINAL,others
SHINZUI KIREY,others
SHINZUI MYORI,others
NUVO FAMILY MERAH,others
NUVO FAMILY BIRU,others
NUVO FAMILY HIJAU,others
NUVO FAMILY KUNING,others
JHONSON BABY SOAP,others
CUSSON BABY SOA,others
BAYGON AEROSOL NYAMUK & KECOA 600ML,others
BAYGON AEROSOL NYAMUK & KECOA 330ML,others
BAYGON AEROSOL PENCEGAH DB 330ML,others
BAYGON LAVENDER 330ML,others
BAYGON PET 900ML,others
BAYGON PET 650ML,others
BAYGON PET 400ML,others
BAYGON BAKAR JUMBO,others
BAYGON BAKAR JUMBO LAVENDER,others
BAYGON BAKAR JUMBO DENGUE,others
HIT AEROSOL ORANGE 400ML,others
HIT AEROSOL BLUE 400ML,others
HIT MAT ISI 18,others
BAYGON MAT ISI 21,others
DOMESTOS NOMOS LAVENDER JUMBO,others
Amplop 110x230,others
Amplop 95x152,others
Amplop lamaran,others
Buku Gambar A4 Ria,others
Buku Gambar kecil Ria,others
Buku Tulis Big Boss 42 Lembar,others
BUKU TULIS DODO 38 Lembar,others
Buku tulis Dodo 58 Lembar,others
BUKU TULIS LANI 30 Lembar,others
BUKU TULIS LANI 38 Lembar,others
BUKU TULIS SEGITIGA 58 Lembar,others
BUKU TULIS SIDU 38 Lembar,others
BUKU TULIS SIDU 58 Lembar,others
FABER CASTEL 2B,others
Joyko eraser EB 30,others
JOYKO PENCIL 2B,others
KERTAS FOLIO,others
KERTAS KADO,others
Lem kertas,others
PENGGARIS POLOS,others
Serutan kotak,others
Standar Bolpen,others
UNISTAR 2B,others
DAYAK 15,others
Dayak 24,others
Maskot besar,others
Sendok kecil,others
SENDOK kecil WARNA,others
Sendok 24,others
SPARTA 15,others
Kereta 15,others
Kereta 24,others
Loco HDPE 15x30,others
Loco HDPE 24x40,others
PEONY 15,others
PEONY 24,others
MASCOT 10 L,others
Attack sachet 500,others
Attack sachet 1000,others
Boom det 750 gr,others
Bayclin botol 100ml,others
Citrun,others
Citra sabun,others
Ciptadent 75 gr,others
Carrera Shampo motor,others
Citra bengkoang sachet,others
Clear shampoo sachet,others
Citra bengkoang 60ml,others
Daia 1000,others
DOWNY SACHET,others
Dettol sabun,others
DEE DEE PASTA GIGI 50 GR,others
DEE DEE SHAMPO GRAPE 45 ML,others
Dove sha sachet,others
DAIA 900GR,others
Ekonomi EK 200,others
EKONOMI EK 350,others
Ekonomi EK500,others
Emeron h/body 100ml,others
Emeron sha 100ml,others
Formula Sikat Gigi,others
Fresh sabun,others
GIV sabun,others
Head shouldr shampo sachet,others
IKAN KOI BLAU SACHET,others
KODOMO SHA 45ML,others
KODOMO SIKAT ANAK,others
Kispray sachet,others
Lifebouy sabun,others
Lifebouy shampo 90 ml,others
Lifebouy shampo sachet,others
LUX sabun,others
Molto ultra sachet,others
MOLTO 1X BILAS,others
Mama lime 80ml,others
MAMA LIME 160ML,others
MBK talc baru,others
MBK TALC SUSU,others
Nuvo sabun,others
PEPSODENT 190 gr,others
Pepsodent 75gr,others
POLYTEX SABUT SPONS,others
Pepsodent 120 gr,others
PONDS WHITE FACIAL 50GR,others
PONDS cream 20gr,others
Pantene sha sachet,others
PROCLIN sachet,others
RINSO CAIR,others
RINSO 500,others
Rinso 1000,others
Rapika sachet,others
Rejoice sachet,others
Rexona man sachet,others
Rexona women sachet,others
Soklin lantai sachet,others
SOKLIN PEWANGI SACHET,others
Sunsilk sachet,others
SOKLIN LANTAI SACHET,others
SABUT KAWAT TK-15,others
Shinzui sabun,others
SUNLIGHT 200ml,others
SUNLIGHT 90ml,others
WPC EXTRA KUAT 400ML,others
Zinc Shampo sachet,others
LPG 3 kg,others
LPG 12 kg,others
ADEM SARI,others
ALANGSARI,others
ANAKONIDIN,others
ANTANGIN JRG SIRUP,others
ANTANGIN JRG TABLET,others
ANTIMO ANAK SIROP,others
ANTIMO TABLET,others
AMANPLAST,others
ANAK SUMANG,others
BABY'S COUGH SYRUP,others
BETADINE 5 ML,others
BODREX EXTRA,others
BODREX FLU BATUK,others
BODREX MIGRA,others
BODREK TABLET,others
BODREXIN,others
COOLANT,others
DECOLGEN,others
DIAPET,others
FATIGON,others
Entrostop,others
Entrostop Anak,others
Neozep,others
FATIGON SPIRIT,others
GARGLIN,others
GELIGA BALSEM 20 GR,others
GPU 30 ML,others
HEROCYN,others
HUFAGRIP PILEK,others
HUFAGRIP BP,others
INZANA,others
INSTO,others
KAKI TIGA BOTOL kino,others
KAKI TIGA KALENG,others
KALPANAK,others
KAPAK M ANGIN,others
KOMIX,others
KOMIX KIDS,others
KONIDIN,others
KOYO CABE,others
KUPU KUPU PUYER,others
LANG KP NO.1,others
LANG KP NO.2,others
LANG KP NO.3,others
OTTE OBAT MATA,others
LASERIN MADU,others
LASERIN 30ML,others
LANG BALSEM 10 GR,others
LANG BALSEM 20 GR,others
LANG MKP 4,others
MIXAGRIP 1STRIP,others
MEXTRIL,others
NAPACIN NEO,others
OBH COMBI ANAK,others
OBH COMBI B/F,others
OSKADON,others
OSKADON SP,others
PIL KITA,others
PANADOL BIRU,others
PANADOL MERAH,others
Panadol Hijau,others
PARAMEK,others
PUYER BINTANG 7,others
PROCOLD,others
PROMAGH,others
REMACYL,others
SALONPAS,others
SANAFLU,others
SANGOBION,others
SEGAR DINGIN,others
SEGAR DINGIN,others
SALEP 88,others
SALICYL IKA,others
SALICYL KIMIA FARMA,others
TOLAK ANGIN CAIR,others
TOLAK ANGIN ANAK,others
TEH ANGIN BADAK,others
ULTRAFLU,others
ULTRASILINE NEO,others
VEGETA,others
VEGETA HERBAL,others
VICK 44 ANAK 27 ML,others
VICK 44 27 ML,others
VICK VAPORUP,others
WAISAN,others
NAGOYA PELAN,others
NAGOYA PEL REFFIL,others
NAGOYA SAPU IJUK,others
SAPU PLASTIK,others
AUTAN SACHET,others
Autan junior sachet,others
Aica aibon,others
AMP KARET,others
Baygon bakar 5pc,others
Baygon cair 400 ml,others
Baygon cair reffil 175 ml,others
BENANG JAHIT 555,others
BOLA PLASTIK,others
CUP 12 OZ,others
CHARM 1pad,others
COTTON BODS B,others
CELENGAN PLASTIK,others
CHARM WINGS 5',others
Domestos nomos protector 5pc,others
DOP 5watt,others
DOP 15watt,others
Dop 25watt,others
DOP 10watt,others
Etona staples no.10,others
KERTAS NASI GAJAH,others
Gillette goal klik,others
Gillette goal II,others
Gillette goal,others
GOLDTAPE BENING,others
GOLDTAPE HITAM,others
HIT cair reffil 175,others
HIT mat 4pc,others
HIT MAGIC,others
HIT semprotan,others
KINGKONG BAKAR,others
KOREK KAYU,others
Laurier super maxi long,others
Laurier super reg 8pads,others
LAKBAN,others
LAMPU JARI MURAH,others
KAPAS LEONY,others
LAVENDA SACHET,others
NICE TISSUE ROLL,others
Power glue murah,others
PHILIPS 15 watt,others
PHILIPS 25 watt,others
PAKU PAYUNG,others
PASEO TISSUE,others
LILIN CAP PAUS,others
Royal TISSUE,others
SOFELL JERUK SACHET,others
Sedotan warna,others
STAR TISSUE KOTAK,others
Tokai korek gas,others
TESSA TISUE 15',others
TESSY TISSU MAKAN,others
TALI RAFIA,others
TAMBANG 3 MM,others
TAMBANG 4 MM,others
TAMBANG 5 MM,others
Tiger blades,others
TUSUK GIGI,others
CUSSONS BABY SABUN,others
CERELAC BERAS M,others
CUSSONS Bedak,others
HAPPY BEDAK,others
TELON LANG 25ML,others
TELON LANG 60ML,others
MAMYPOKO S,others
MAMYPOKO M,others
MAMYPOKO XL,others
MAMYPOKO L,others
PROMINA SACHET,others
SWEETY L,others
SWEETYM,others
SWEETY S,others
SWEETY XL,others
SHOPPING BAG,others
6002-Plastic Bag Medium,others
MIKA KECIL,others
PLASTIK SEDANG,others
SENDOK MAKAN,others
SENDOK MAKAN,others
GARPU,others
GARPU,others
1245-Plastik Tentengan Kecil,others
1244-Plastik Tentengan Sedang,others
sate ayam,food
sari roti,food
black pepper meatball,food
bimoli,food
sate ayam,food
sari roti,food
black pepper meatball,food
bimoli,food
fried chicken,food
spaghetti bolognese,food
pizza margherita,food
ice cream,food
banana,food
salad,food
rendang padang,food
chocolate chip cookies,food
tomato soup,food
bubble tea,food
grilled fish,food
mango sticky rice,food
turmeric latte,food
quinoa salad,food
kimchi ramen,food
avocado toast,food
spicy hot pot,food
pho noodles,food
matcha latte,food
vegetarian sushi,food
pad thai,food
caramel popcorn,food
falafel wrap,food
Nasi Campur Bali,food
Bbk Bengil Nasi,food
MilkShake Starwb,food
Ice Lemon Tea,food
Nasi Ayam Dewata,food
Free Ice Tea,food
Organic Green Sa,food
Ice Tea,food
Ice Orange,food
Ayam Suir Bali,food
Tahu Goreng,food
Tempe Goreng,food
Tahu Telor Asin,food
minyak kelapa sawit,food
gado-gado,food
ketoprak Jakarta,food
martabak manis,food
rendang daging,food
soto Betawi,food
banana leaf nasi lemak,food
sate lilit Bali,food
martabak telur Jakarta,food
ayam penyet Surabaya,food
sambal ABC,food
bubur ayam Jakarta,food
bakso Malang,food
keripik tempe Bandung,food
nasi goreng Jawa,food
soto Medan,food
lemper Surabaya,food
es teler,food
martabak mini,food
gulai kambing Padang,food
sambal hijau Malang,food
ayam geprek Banten,food
rendang Minangkabau,food
tahu telur Betawi,food
mie ayam Bandung,food
peyek kacang Bali,food
bika Ambon,food
seblak Jakarta,food
bakwan Malang,food
ketoprak Betawi,food
rawon Surabaya,food
sate Padang,food
gado-gado Betawi,food
pempek Palembang,food
sambal terasi,food
laksa Betawi,food
lontong sayur,food
otak-otak Bandung,food
mie goreng Jawa,food
nasgor seafood Makassar,food
tekwan Palembang,food
es cincau hitam,food
martabak telor Jakarta,food
kalio Padang,food
sambal dabu-dabu Manado,food
ayam bakar Madura,food
rendang daging Padang,food
tahu campur Surabaya,food
mie kocok Bandung,food
kue cubit Jakarta,food
kue putu Bali,food
siomay Bandung,food
lumpia Semarang,food
soto Betawi,food
rawon Surabaya,food
satay Kajang,food
rujak cingur Surabaya,food
pempek Palembang,food
sambal matah Bali,food
laksa Bogor,food
soto mie Lamongan,food
sate lilit Bali,food
spaghetti Bolognese,food
sushi roll,food
pizza Margherita,food
pho noodle soup,food
pad thai,food
falafel wrap,food
kimchi fried rice,food
croissant,food
panang curry,food
croquette,food
poke bowl,food
biryani,food
tempura,food
chicken tikka masala,food
bruschetta,food
ramen,food
shawarma,food
crepes,food
hummus,food
macarons,food
churros,food
croffle,food
avocado toast,food
Lays potato chips,food
Indomie,food
Teh Botol Sosro,food
Bango,food
Biskuat,food
Beng-Beng,food
Sambal ABC,food
Bali Coffee,food
Dua Kelinci,food
Bakmi Mewah,food
Marugame Udon,food
Kerupuk,food
Bakso,food
Martabak,food
Gorengan,food
Pisang Sale,food
Kue Lumpur,food
Kue Cubit,food
Siomay,food
Pempek,food
Rujak,food
Klepon,food
Pukis,food
Dadar Gulung,food
Cilok,food
Duren,food
Terang Bulan,food
Ketan Susu,food
Cireng,food
Otak-Otak,food
Sate Taichan,food
Risoles,food
Lemper,food
Tahu Tek,food
Kue Lapis,food
Lupis,food
Kue Mangkok,food
Kue Talam,food
Nagasari,food
Bolu Kukus,food
Gado-Gado,food
Lontong Cap Go Meh,food
Kue Bugis,food
Kue Tahu,food
Serabi,food
Kue Lumpur Ketan Hitam,food
Kue Pukis,food
Klepon Ubi Ungu,food
Putu Ayu,food
Tahu Bulat,food
Lumpia Semarang,food
Pempek Lenjer,food
Tahu Campur,food
Cakwe,food
Kue Dadar Gulung,food
Kue Pancong,food
Pia Legong,food
Kue Balok,food
Gemblong,food
Bala-Bala,food
Kue Apem,food
Es Cendol,food
Bubur Sumsum,food
Es Doger,food
Es Kelapa Muda,food
Es Cincau,food
Sekoteng,food
Wedang Jahe,food
Es Puter,food
Es Campur,food
Es Teler,food
Klepon Durian,food
Bubur Ketan Hitam,food
Wedang Ronde,food
Air Bandung,food
Es Kacang Hijau,food
Sop Buah,food
Es Dawet,food
Es Selendang Mayang,food
Es Podeng,food
Es Pisang Ijo,food
Bajigur,food
Es Lengkung,food
Wedang Uwuh,food
Es Pisang Aroma,food
Es Oyen,food
Es Kuwut,food
Sekoteng Bogor,food
Es Serut,food
Es Bongko Kopyor,food
Cendol Dawet,food
ABC,food
Khong Guan,food
Indofood,food
Mayora,food
Beng-Beng,food
Chitato,food
Qtela,food
Slai Olai,food
Taro,food
Pocky,food
Biskuat,food
Kusuka,food
Kapal Api,food
Choki-Choki,food
Malkist,food
Lays ,food
Glico Wings,food
Gery,food
Top Coffee,food
Ultra Milk,food
Oreo (Indonesia),food
Heavenly Blush,food
Kartika Sari,food
Kapal Selam,food
Nabati,food
Biskuat,food
Superstar,food
Sari Roti,food
Pia Legong,food
Nestlé,food
Coca-Cola,food
PepsiCo,food
Mars,food
"Mondelez International (Oreo, Cadbury)",food
Kellogg's,food
"Unilever (Lipton, Wall's Ice Cream, Knorr)",food
"Ferrero (Nutella, Kinder)",food
Heinz,food
Danone,food
Nestlé Waters (Pure Life),food
Starbucks,food
McDonald's,food
KFC,food
Burger King,food
Pizza Hut,food
Domino's Pizza,food
Cargill,food
General Mills,food
"Frito-Lay (Lay's, Doritos)",food
Teh Botol Sosro,food
Indomie Real Meat,food
Good Day Coffee,food
Le Minerale,food
Teh Pucuk Harum,food
ABC Sweet Soy Sauce,food
Bango Kecap Manis,food
Sambal ABC,food
Indofood Sambal Terasi,food
Kecap ABC,food
Indomie,food
Mie Sedap,food
Supermi,food
ABC Mi Instan,food
Sarimi,food
BIMOLI 2 LT,food
BIMOLI 1 LT,food
FILMA 2 LT,food
FILMA 1 LT,food
TROPICAL 2 LT,food
TROPICAL 1 LT,food
SARI MURNI 2 LT,food
SARI MURNI 1 LT,food
PALMA 1 LT,food
FRAIS WELL 1L,food
INDOMIE GORENG,food
INDOMIE SOTO,food
INDOMIE AYAM BAWANG,food
INDOMIE AYAM SPESIAL,food
INDOMIE KARI AYAM,food
MIE SEDAP GORENG,food
MIE SEDAP SOTO,food
MIE SEDAP AYAM BAWANG,food
MIE SEDAP KARI AYAM,food
SUPERMI GOKAR,food
SUPERMI GOSO,food
SUPERMI GOBANG,food
BLUE BAND CUP 250G,food
SIMAS PALMIA SACHETET 200G,food
FORVITA SACHETET 200G,food
SOSRO CELUP,food
GREEN TEA CELUP KEPALA DJENGGOT,food
SOSRO JASMINE CELUP,food
POCI CELUP VANILA,food
SARIWANGI CELUP,food
KAPAL API SPESIAL 185G,food
KAPAL API SPESIAL 75G,food
SKM ULTRA COKLAT 390G,food
SKM ULTRA PUTIH 397G,food
SKM BENDERA COKLAT385G,food
SKM BENDERA PUTIH 385G,food
SKM INDOMILK COKLAT 385G,food
SKM INDOMILK PUTIH 385G,food
OMELA 385G,food
ULTRA JAYA CAP SAPI 388G,food
susu,food
DANCOW 1+ MADU 400G,food
DANCOW 3+ MADU 400G,food
DANCOW 5+ COKLAT 400G,food
DANCOW INSTANT COKLAT 400G,food
DANCOW INSTANT 400G,food
DANCOW FULL CREAM 400G,food
MILO 3 IN 1 300G,food
MILO ACTIGEN-E 300G,food
MILO ACTIGEN-E 150G,food
KECAP ABC MANIS 140ML,food
KECAP ABC ASIN 140ML,food
KECAP ABC MANIS REFFIL 100ML,food
KECAP MIRAMA MANIS BOTOL 600ML,food
KECAP SEDAAP MANIS 140ML,food
KECAP SEDAAP MANIS 225ML,food
KECAP PIRING LOMBOK MANIS 140ML,food
ABC SAUS TOMAT 340ML,food
ABC SAUS TOMAT 140ML,food
INDOFOOD SAUS TOMAT 140ML,food
ABC SAMBAL ASLI 340ML,food
ABC SAMBAL ASLI 140ML,food
ABC EXTRA PEDAS 140ML,food
INDOFOOD SAMBAL PEDAS 140ML,food
INDOFOOD SAMBAL EXTRA PEDAS 140ML,food
INDOFOOD SAMBAL LAMPUNG 140ML,food
INDOFOOD SAMBAL PEDAS MANIS 140ML,food
ABS SAUS TIRAM 195ML,food
GULA PASIR A 1 KG (PUTIH),food
GULA PASIR B 1 KG (AGAK COKLAT),food
GULAKU 1KG,food
DJISAMSU FILTER,food
SAMPOERNA HIJAU,food
SAMPOERNA KRETEK,food
DJISAMSU KRETEK 12,food
DJISAMSU KRETEK 16,food
WISMILAK SLIM,food
WISMILAK DIPLOMAT,food
STARMILD MENTHOL,food
STARMILD,food
CLASMILD 16,food
CLASMILD 12,food
BENTOEL BIRU,food
BENTOEL SEJATI,food
COUNTRY INTERNASIONAL,food
COUNTRY LIGHT,food
LUCKY STRIKE FILTER,food
LUCKY STRIKE MENTHOL,food
LUCKY STRIKE LIGHT,food
ARDATH,food
PALLMALL MERAH,food
PALLMALL BIRU,food
PALLMALL HIJAU,food
KANSAS HIJAU,food
KANSAS MERAH,food
GG KRETEK,food
GG DJAJA,food
PROFIT MENTHOL,food
PROFIT MILD,food
KRATON DALEM,food
AROMA,food
GG FILTER,food
SURYA 16,food
SURYA SLIM MENTHOL,food
SURYA SLIM MILD,food
GG NUSANTARA,food
GG PROFESIONAL,food
DJARUM 12,food
DJARUM 16,food
DJARUM BLACK TEA,food
DJARUM BLACK CAPPUCINO,food
DJARUM BLACK,food
DJARUM 76 12,food
DJARUM 76 16,food
DAJRUM COKLAT,food
DJARUM TWIN PACK,food
ABSOLUT,food
DJARUM MEZZO,food
DJARUM BLACK SLIM,food
AVOLUTION MERAH,food
AVOLUTION HIJAU,food
LA MERAH 12,food
LA MERAH 16,food
LA MENTHOL 12,food
LA MENTHOL 16,food
SAMPOERNA MILD MERAH 12,food
SAMPOERNA MILD MERAH 16,food
SAMPOERNA MILD MENTHOL 16,food
U MILD,food
MARLBORO LIGHT MENTHOL,food
MARLBORO LIGHT,food
MARLBORO MENTHOL,food
MARLBORO MERAH,food
DJISAMSU REFFIL,food
DJISAMSU MAGNUM,food
Beras Murah,food
Beras Terrmahal,food
Beras Pera/IR 42,food
Bawang putih,food
Jagung bihun,food
KACANG TANAH,food
KACANG HIJAU,food
Kerupuk nasi uduk,food
Kemiri,food
Ketumbar,food
Lencana terigu,food
Lada,food
Minyak goreng curah,food
.Segitiga terigu,food
Sagu gunung,food
Telor,food
Gula Pasir,food
Gula Merah,food
ABC KECAP BOTOL 135ML,food
ABC KECAP SACHET,food
ABC SAMBAL SAOS MEJA,food
ABC SAOS SACHET,food
ABC Saos tomat meja,food
ABC Terasi sachet,food
ABC SARDEN 155 Gr,food
AROMA PASTA 30ML,food
BANGO KECAP MEJA,food
Bango kecap reff 600,food
Bango kecap reff 85,food
BANGO 225 ML,food
BANGO 1000,food
Blueband sachet 17 Gr,food
Blueband sachet 200 Gr,food
Bola Dunia agar,food
BUMBU RACIK AYAM GORENG,food
Bumbu Racik bumbu tempe,food
BUMBU RACIK LODEH,food
Bumbu Racik nasi goreng,food
BUMBU RACIK SAYUR ASEM,food
BUMBU RACIK SOP,food
Cangkir sarimanis,food
Claris Tepung gula,food
Dixi cuka 500,food
DIXI CUKA 1000,food
Fortune m goreng 2ltr,food
Fortune m goreng 1ltr,food
Hunkwee tepung,food
Santan Kara,food
Kecap Botol KRAT,food
LADAKU,food
MASAKO AYAM,food
Masako sapi,food
Maya sarden 155 Gr,food
Maya sarden 425 Gr,food
NUTRIJELL RASA BUAH,food
Nutrijell coklat,food
Permipan,food
PEWARNA KUPU KUPU 30 ML,food
ROSEBRAND TEPUNG BERAS,food
Resto m goreng 225 ml,food
Resto 450 ML,food
RESTO 900 ML,food
Refina garam 250,food
Roman coklat bubuk,food
Royco ayam,food
ROYCO sapi,food
SAJIKU TEPUNG BUMBU,food
SAFARI MESES,food
SAOS BOTOL KRAT,food
Sasa 250 gr,food
Sasa 1000,food
Sasa 500,food
Segitiga garam kecil,food
SEGI TIGA GARAM BESAR,food
Simas sachet 200 Gr,food
. Soun Naga,food
.SP kupu kupu,food
Stick es krim,food
SOUN 88,food
Swallow agar,food
SAMHOK TERASI MEDAN,food
Saori saos tiram,food
Sasa 100 gr,food
TBM,food
Timbangan Tepung gula,food
Vanili R,food
BISKUAT BOLU,food
BENG BENG 20GR,food
BETTER ROMA,food
BIG BABOL 3PCS,food
BISKUAT COKLAT 20GR,food
BISKUAT ENERGI 22.5GR,food
BISKUAT SUSU 21GR,food
BALLET TWIST,food
CHO CHO,food
HOQI CHOQI,food
CHIKI BALLS,food
CHEWEEZ,food
CANNON BALL,food
CHOKIPERO STICK,food
CHACA,food
DUA KELINCI KACANG 250 gr,food
ESPRESSO KOPI SUSU,food
ESCADO,food
FULLO,food
FRENCH FRIES,food
GERY COLEK,food
GERY PASTA CHOCOLATE,food
GERY CHOCOLATOS,food
GERY DONUTS,food
HELLO PANDA,food
JETZ,food
KERIPIK SMS,food
KOPIKO,food
KACANG GARING 500,food
KWACI BUNGA MATAHARI,food
KEJUCAKE,food
LACOCO,food
MAKARONI,food
MENTHOS,food
MARLEY MILK MEISES,food
MOMOGI,food
MILKITA LOLLIPOP,food
MALKIST CRACKERS,food
MIE GEMEZ,food
MALKIST 500,food
NISSIN CRISPY,food
NISSIN WAFER,food
NABATI KEJU,food
OISHI SNACK,food
OREO,food
OPALFRUT,food
PADIMAS BOLU,food
PERMEN UNICAN,food
PILUS GARUDA 19 GR,food
PERMEN KACA MATA,food
PIATTOS,food
QTELA 23 gr,food
BISKUIT KELAPA ROMA,food
RELAXA,food
ROMA KELAPA,food
SOSIS SONICE,food
SUPERMAN WAFER,food
SARIPATI JELLY,food
SUPERCO 24 GR,food
SALTCHEESE COMBO,food
SUKRO 18 GR,food
TOP 11 GR,food
TARO BARBEQUE,food
TANGO,food
TOGO SIIP 17.5GR,food
WAFFLE TANGO,food
WAFELATOS,food
YULIE JELLY,food
YUPI 1000,food
YUPI 500,food
ABC kopi susu,food
ABC mocca,food
GOODAY 3 IN1,food
GOOD DAY FRESH,food
Indocafe coffeemix,food
Kapal api sp mix,food
Kapal api special 35 gr,food
Kapal api special 65 GR,food
KAPAL API SPECIAL 185 GR,food
TOP KOPI SUSU,food
TOP KOPI GULA,food
Torabika Oke,food
WHITE KOFFIE,food
Indomie ayam bawanng,food
Indomie soto,food
Indomie kari ayam,food
Indomie goreng,food
SEDAP KUAH,food
Sedap goreng,food
MIE TELOR 3 AYAM,food
Bendera kaleng coklat,food
BENDERA KALENG PUTIH,food
Bendera sachet coklat,food
Bendera sachet putih,food
BENDERA 195 ML,food
Dancow sachet putih,food
DANCOW SACHET CO,food
DIAMOND CHO 200ML,food
Diamond kotak 125 coklat,food
Diamond sereal,food
INDOMILK 195 ML,food
Milkuat bantal 70 ml,food
MILKUAT BOTOL,food
Susu sehat ultra,food
Ultra CO/STW kotak 125 ml,food
Ultra coklat kotak 200 ml,food
Yes botol,food
Bbk Bengil Nasi,food
Nasi Ayam Dewata,food
Ayam Suir Bali,food
Tahu Goreng,food
Tempe Goreng,food
Tahu Telor Asin,food
Nasi Goreng Samb,food
Ayam Sambal Hija,food
Bebek Street,food
SPGTHY BOLOGNASE,food
PEPPER AUS,food
WAGYU RIBEYE,food
Lasagna,food
Spaghetti ChickPesto,food
BangBang Chick Wings,food
BASO BIHUN,food
Chicken H-H,food
BASO TAHU,food
Ayam Bakar,food
Nasi Putih,food
Nila Bakar/Goreng,food
Sop Gurame,food
NASI + AYAM KATSU TER...,food
CH CORDON BLEU NASI,food
BLACK PEPPER MEATBALL,food
GREEN TEA WITH CRUMBLE,food
EARL GREY MILK TEA,food
ORIGINAL BREWED TEA,food
QUARTO FORMANGGI PASTA,food
KING DEAL FISH,food
GURAME FILLET M ASAM MANIS,food
BIHUN GORENG JJ,food
1001-Choco Bun,food
2001-Hokkaido Milk Toast,food
Ice t grentea,food
1001-Choco Bun,food
1032-Double Cheddar,food
CRISPY CHOCO,food
Pepenero Pastel,food
A.MINERAL BOTOL,food
AMBUSH DBL CHS BURG,food
AMBUSH CHS BURGER,food
VANDOOLEN,food
"Chicken HCC, 1Pcs",food
Colonel Burger,food
Ketoprak,food
AREM - AREM,food
LEMPER,food
OMA NASI KUNING CAKALANG MANI,food
Cuka Apel Moringa,food
GONG GIBAB,food
BO SSAM,food
HAEMUL DENJANG JJIGAE,food
NEW ORIENTAL CHK RICE,food
SC/P SUPER SUPREME,food
CB/P BLACK PEPP BEEF,food
BASO TAHU BIHUN,food
Jamur Crispy,food
Sambel Kecap,food
Sweet Plum Potato,food
CHO MOUSSE,food
GRAPE JELLY,food
Chocolate Twist,food
MilkShake Starwb,food
Ice Lemon Tea,food
Free Ice Tea,food
Organic Green Sa,food
Ice Tea,food
Ice Orange,food
Hot Tea,food
Ice Kopi,food
Iced Lemon Tea,food
FUSION TEA LYCHE,food
NUTTELA BROWNIES,food
HAKAU UDANG,food
SIAO MAI BABI,food
CEKER AYAM,food
ICED LEMON TEA,food
THAI ICED TEA,food
Viet Milk Coffee,food
Iced Cappuccino,food
Gypsy Gelato Ice Tea,food
ES JERUK,food
Fre ice grentea,food
TEH PANAS,food
ES TEH MANIS,food
ICE TEA,food
ICED TEA,food
NASI PUTIH,food
BUBUR UNGU,food
SENDOK BEBEK,food
WAJIK,food
CENTIK MANIS,food
Ice t grentea,food
S-Lemon Macchiato,food
Ice t grentea,food
ICED TT,food
Es Teh,food
Kopi Susu Sudirman,food
RTD Kunyit,food
KFC Winger HC,food
Home Made Lemonade,food
Rice,food
BASO TAHU,food
NASI PUTIH,food
PL. MUFFIN BLUEBERRY,food
RB. ABON AYAM,food
RB. COKLAT COFFEE,food
RB. RED BEAN,food
ROTI KEJU COKLAT,food
ROTI MAHKOTA/RING,food
ROTI KACANG MERAH,food
ROTI COKLAT,food
CHICKEN KATSU,food
TORI NASU HASAMI AGE,food
PIS COK KEJU,food
COKLAT KEJU,food
BANANA KISMIS,food
NASI PUTIH,food
SATE PADANG,food
GULAI CUMI,food
DENDENG BALADO,food
KERUPUK KULIT,food
RENDANG DAGING,food
GULAI HATI,food
MUJAIR BAKAR,food
GULAI OTAK,food
AYAM BAKAR,food
SAMBAL TRI BELAH,food
LALAP SEGAR,food
AYAM PENYET,food
AYAM GORENG,food
AYAM POP,food
GULAI TUNJANG,food
TEH TELUR,food
PUDING,food
ISI CAMPUR,food
Popcorn Salt Bucket,food
SAUSAGE DONUT,food
CHOCO DONUT PRETZEL,food
CAPTAIN HOOK,food
CHEESE JOHN,food
APPLE CREAMCHEESE PASTRY,food
PAKET DOSIRAK 3,food
PAKET CHICKEN 3,food
JAPCHE,food
KOREAN LEMONADE,food
KOREAN COLD TEA,food
PAKET BULGOGI 3,food
BANANA MLK+MATCHA PU,food
KRN FRIED CHICKN HNY,food
TAKOYAKI 12PCS,food
ALMOND CREAM CHEESE,food
Silky Green Tea,food
Silky Hazelnut,food
REDBEAN BREAD,food
YOGURT STRAWBERRY,food
ICED White,food
Mexican Baked Rice,food
Pastry Keju,food
Round Wagyu (1gr),food
Wagyu Rice Box,food
KUE PILUS ASIN,food
KACANG MEDAN,food
ALMOND CHOCO CREAM CHEESE,food
CHOCO CUSTARD PASTRY,food
THAI ICED TEA (L),food
Mineral Water (S),food
TEH,food
TEH TELUR,food
AQUA BOTOL,food
Korean Cold Tea,food
Banana Milk + Matcha Pu,food
Redbean Bread,food
Yogurt Strawberry,food
Nutella Cheese,food
Ikan Gurame Med Sop Ikan,food
Cumi Goreng Tepung,food
Agsio Th Pc Jmr,food
Pocai Bwg Putih,food
Lumpia Udg Prem,food
Nasi Putih,food
Gado-Gado,food
Roast Beef Crepes,food
Cheezemania,food
Mamamia,food
Fish Ball,food
Fried Siomay,food
Chic Namban Bento,food
Aqua,food
Green Tea Latte,food
Korean Lemonade,food
Korean Cold Tea,food
Coke (L),food
Extra Jelly Lychee,food
Popcorn Salt (M),food
RAMES AYAM,food
Dendeng PDS,food
JERUK NIPIS,food
CUMI BANGKA,food
KING DEAL CHEESE BURGER R,food
POTATO SAUSAGE BREAD,food
OREO GREEN TEA SPREAD,food
WHITE CHOCO BANANA SPREAD,food
APUCINO MEDIUM,food
CIRENG PANDAWA,food
BASO TAHU KWETIAU,food
TRIPPLE CHEESE,food
PKT TELOR/PERKEDEL,food
DENDENG,food
SBL GR TERI,food
NESTLE 330 ML,food
SBL GR UDANG SPC,food
Aqua,food
Ades,food
Cleo,food
Le Minerale,food
Club,food
Vit,food
Amidis,food
Cristal Alkaline,food
samsung s23,electronic
playstation 5,electronic
xbox series s,electronic
samsung s23,electronic
playstation 5,electronic
xbox series s,electronic
smartphone charger,electronic
wireless headphones,electronic
laptop computer,electronic
smartwatch,electronic
power bank,electronic
smartphone samsung galaxy,electronic
bluetooth earbuds,electronic
4K smart TV,electronic
digital camera,electronic
robot vacuum cleaner,electronic
smart thermostat,electronic
laptop backpack,electronic
portable speaker,electronic
virtual reality headset,electronic
wireless keyboard,electronic
drones with camera,electronic
smart home hub,electronic
virtual reality gloves,electronic
wireless mouse,electronic
3D printer,electronic
smart doorbell,electronic
smart thermostat,electronic
portable gaming console,electronic
wireless charging pad,electronic
digital art tablet,electronic
smart coffee maker,electronic
360-degree camera,electronic
robotic vacuum cleaner,electronic
Bluetooth speaker,electronic
mesin kopi otomatis,electronic
kamera polaroid,electronic
mesin cuci otomatis,electronic
lampu hias kreatif,electronic
smart rice cooker,electronic
compact camera,electronic
handwoven basket,electronic
smart rice cooker by Philips,electronic
mirrorless camera by Sony,electronic
handwoven basket by Jenggala,electronic
smart air fryer by Xiaomi,electronic
mirrorless camera by Fujifilm,electronic
handcrafted wooden speaker by Sonderwood,electronic
Smartphones,electronic
Laptops,electronic
Desktop Computers,electronic
Tablets,electronic
Smartwatches,electronic
Fitness Trackers,electronic
Digital Cameras,electronic
Mirrorless Cameras,electronic
DSLR Cameras,electronic
Camcorders,electronic
Headphones,electronic
Earphones,electronic
Bluetooth Speakers,electronic
Home Theater Systems,electronic
Soundbars,electronic
Gaming Consoles,electronic
Virtual Reality (VR) Headsets,electronic
Drones,electronic
Smart TVs,electronic
"Streaming Devices (e.g., Roku, Apple TV)",electronic
Projectors,electronic
Monitors,electronic
Printers,electronic
Scanners,electronic
Keyboards,electronic
Computer Mice,electronic
External Hard Drives,electronic
Solid-State Drives (SSDs),electronic
USB Flash Drives,electronic
"Networking Equipment (Routers, Modems)",electronic
"Smart Home Devices (e.g., Smart Thermostats, Smart Locks)",electronic
Robot Vacuum Cleaners,electronic
Electric Toothbrushes,electronic
Wearable Health Tech,electronic
E-book Readers,electronic
Portable Power Banks,electronic
Solar Chargers,electronic
Digital Audio Workstations (DAWs),electronic
MIDI Controllers,electronic
Graphics Tablets,electronic
Electronic Keyboards,electronic
Computer Speakers,electronic
Home Security Cameras,electronic
Baby Monitors,electronic
Car Audio Systems,electronic
GPS Devices,electronic
Digital Voice Recorders,electronic
Portable DVD Players,electronic
Weather Stations,electronic
Electric Shavers,electronic
Cordless Phones,electronic
Alarm Clocks,electronic
Bluetooth Ear Protection,electronic
Power Strips,electronic
Voltage Regulators,electronic
Smart Plugs,electronic
Thermal Imaging Cameras,electronic
Electronic Cigarettes (Vapes),electronic
LED Light Strips,electronic
Digital Thermostats,electronic
Electronic Learning Toys,electronic
Wireless Chargers,electronic
Electric Scooters,electronic
Car GPS Navigation Systems,electronic
Fish Finders,electronic
Electronic Drum Kits,electronic
Digital Pianos,electronic
Home 3D Printers,electronic
Barcode Scanners,electronic
"Biometric Devices (e.g., Fingerprint Scanners)",electronic
RFID Readers,electronic
Digital Scales,electronic
Digital Microscopes,electronic
Metal Detectors,electronic
Weather Radios,electronic
Electronic Dartboards,electronic
CCTV Cameras,electronic
Intercom Systems,electronic
Home Automation Controllers,electronic
UV Sterilizers,electronic
Apple,electronic
Samsung,electronic
Sony,electronic
LG,electronic
Panasonic,electronic
Toshiba,electronic
Philips,electronic
Dell,electronic
HP (Hewlett-Packard),electronic
Acer,electronic
Lenovo,electronic
Asus,electronic
Microsoft,electronic
IBM,electronic
Intel,electronic
AMD,electronic
NVIDIA,electronic
Canon,electronic
Nikon,electronic
GoPro,electronic
DJI,electronic
Bose,electronic
JBL,electronic
Sony (audio products),electronic
Beats by Dre,electronic
Harman Kardon,electronic
Bose,electronic
Logitech,electronic
Razer,electronic
Corsair,electronic
Sennheiser,electronic
Plantronics,electronic
Garmin,electronic
Fitbit,electronic
Huawei (smartphones and electronics),electronic
Xiaomi,electronic
OnePlus,electronic
Motorola,electronic
Vizio,electronic
Sharp,electronic
Haier,electronic
Whirlpool,electronic
Siemens,electronic
Bosch,electronic
Dyson,electronic
Epson,electronic
Brother,electronic
D-Link,electronic
Linksys,electronic
Netgear,electronic
Cisco,electronic
Western Digital,electronic
Seagate,electronic
SanDisk,electronic
Kingston Technology,electronic
AMD,electronic
Nest (now part of Google),electronic
Yamaha,electronic
Roland,electronic
Casio,electronic
Audio-Technica,electronic
Pentax,electronic
Fujifilm,electronic
Vivitar,electronic
Kodak,electronic
Ricoh,electronic
Blackmagic Design,electronic
Nikon (camera division),electronic
Canon (camera division),electronic
Leica,electronic
Sanyo,electronic
Grundig,electronic
Bang & Olufsen,electronic
Sega,electronic
Nintendo,electronic
PlayStation (Sony),electronic
Xbox (Microsoft),electronic
Alienware,electronic
CyberPowerPC,electronic
Origin PC,electronic
AOC,electronic
BenQ,electronic
Dell (monitor division),electronic
ViewSonic,electronic
LG (monitor division),electronic
AOC,electronic
Sharp (TV division),electronic
TCL,electronic
Hisense,electronic
Vizio,electronic
Panasonic (TV division),electronic
Philips (TV division),electronic
"Samsung Galaxy S21 Smartphone - Phantom Black, 6.2-inch display",electronic
"Dell XPS 13 Ultrabook - Platinum Silver, 13.3-inch screen",electronic
"Apple iMac - Space Gray, 27-inch Retina 5K display",electronic
"Microsoft Surface Pro 7 Tablet - Platinum, 12.3-inch PixelSense display",electronic
"Apple Watch Series 7 - Midnight Aluminum, 45mm case",electronic
"Fitbit Charge 5 Fitness Tracker - Lunar White, AMOLED display",electronic
"Canon EOS R5 Mirrorless Camera - Black, 45MP, 8K Video",electronic
"Sony WH-1000XM4 Headphones - Silver, Over-Ear",electronic
"Apple AirPods Pro - White, True Wireless",electronic
"Bose SoundTouch 300 Soundbar - Black, Wireless Connectivity",electronic
"Sony PlayStation 5 Console - Glacier White, 825GB SSD",electronic
"Oculus Quest 2 VR Headset - Elite Strap, 128GB",electronic
"DJI Mavic Air 2 Drone - Arctic White, 4K Camera",electronic
"LG C1 OLED 4K TV - Gallery Design, 65-inch screen",electronic
"BenQ HT3550 4K Projector - White, CinematicColor Technology",electronic
"Logitech G Pro X Gaming Keyboard - GX Blue Switches, RGB Lighting",electronic
"Logitech G Pro Wireless Gaming Mouse - Black, HERO Sensor",electronic
"Samsung T5 Portable SSD - Deep Black, 2TB Storage",electronic
"Western Digital My Passport External HDD - Red, 4TB Storage",electronic
"Netgear Nighthawk AX12 Router - Tri-Band, Wi-Fi 6",electronic
"Google Nest Learning Thermostat - Stainless Steel, Smart Home",electronic
"iRobot Roomba i7+ Robot Vacuum - Charcoal Gray, Clean Base",electronic
"Philips Sonicare DiamondClean Toothbrush - Rose Gold, Smart Sensor",electronic
"Anker Soundcore Liberty Air 2 Pro Earphones - Titanium White, ANC",electronic
"Razer BlackWidow Elite Mechanical Keyboard - Mercury White, Chroma RGB",electronic
"Corsair MP510 NVMe SSD - 1TB, M.2 PCIe Gen3",electronic
"NVIDIA GeForce RTX 3080 Graphics Card - Founders Edition, 10GB GDDR6X",electronic
"Garmin Forerunner 945 GPS Watch - Black, Heart Rate Monitor",electronic
"Fujifilm X-T4 Mirrorless Camera - Silver, 26MP, 4K Video",electronic
"Vizio SB36512-F6 Soundbar System - Black, Dolby Atmos",electronic
"Ring Video Doorbell Pro 2 - Satin Nickel, 1536p HD",electronic
"Bose Frames Audio Sunglasses - Alto, Polarized Lenses",electronic
"SanDisk Extreme Pro SDXC Card - 128GB, UHS-I, Class 10",electronic
"Roku Ultra Streaming Player - Matte Black, 4K HDR",electronic
"Breville BES870XL Barista Express Espresso Machine - Stainless Steel, 15-Bar Pressure",electronic
"Nest Cam Indoor Security Camera - Black, 1080p HD",electronic
"Nintendo Switch OLED Model - White, 64GB Storage",electronic
"JBL Charge 5 Portable Bluetooth Speaker - Squad, Waterproof",electronic
"Logitech MX Master 3 Wireless Mouse - Graphite, Darkfield Sensor",electronic
"Audio-Technica ATH-M50x Headphones - Gun Metal, Professional Studio Monitor",electronic
"Pentax K-1 Mark II DSLR Camera - Black, 36MP, Weather-Sealed",electronic
"Epson EcoTank ET-2720 Printer - White, Wireless, All-in-One",electronic
"Brother ADS-2200 Document Scanner - Black, Duplex",electronic
"D-Link AC2600 Wi-Fi Router - Black, MU-MIMO",electronic
"Philips Hue Starter Kit - Color Ambiance, Smart Lighting",electronic
"Ecovacs Deebot N8 Pro+ Robot Vacuum - White, Lidar Navigation",electronic
"Oral-B Genius X Electric Toothbrush - Rose Gold, AI Recognition",electronic
"VicTsing Wireless Gaming Mouse - Cosmic Black, 7 Programmable Buttons",electronic
"RavPower Portable Charger - Black, 26800mAh, Power Delivery",electronic
"Anker PowerWave Wireless Charger - Classic White, Qi-Certified",electronic
"Sega Genesis Mini Gaming Console - Classic Edition, 42 Games",electronic
"Nintendo Switch Pro Controller - Black, Wireless",electronic
"AOC CQ32G1 Curved Gaming Monitor - 32-inch, QHD, 144Hz",electronic
"BenQ PD2720U DesignVue Monitor - 27-inch, 4K UHD, HDR",electronic
"Dell Alienware AW3420DW Monitor - 34-inch, WQHD, 120Hz",electronic
"Logitech Harmony Elite Universal Remote - Graphite, Touch Screen",electronic
"Samsung Odyssey G9 Gaming Monitor - 49-inch, Dual QHD, 240Hz",electronic
"Bose QuietComfort Earbuds - Soapstone, True Wireless",electronic
"Anker Nebula Capsule II Smart Mini Projector - Black, Android TV",electronic
"Sony X800H 4K HDR TV - 55-inch, Ultra HD, Smart LED",electronic
"Dyson V11 Absolute Cordless Vacuum - Nickel/Blue, LCD Screen",electronic
"Eufy Security Video Doorbell - 2K Resolution, Wireless",electronic
"Mophie Powerstation PD XL Portable Charger - Space Gray, 10,050mAh",electronic
"Corsair HS60 PRO Surround Gaming Headset - Carbon, 7.1 Surround Sound",electronic
Elgato Stream Deck Mini - Live Content Creation Controller,electronic
"Philips 276E9QDSB Frameless Monitor - 27-inch, Full HD, FreeSync",electronic
"Huawei Watch GT 2 Pro - Night Black, 1.39-inch AMOLED",electronic
"SteelSeries Arctis Pro Wireless Gaming Headset - Black, Dual Wireless",electronic
"Garmin Edge 1030 Plus GPS Bike Computer - Black, 3.5-inch display",electronic
"Sennheiser Momentum True Wireless 2 Earbuds - White, Active Noise Cancellation",electronic
"Ultimate Ears BOOM 3 Portable Bluetooth Speaker - Lagoon Blue, Waterproof",electronic
"Acer Predator Helios 300 Gaming Laptop - Abyssal Black, RTX 3060",electronic
"Xbox Series X Gaming Console - Matte Black, 1TB SSD",electronic
"Corsair K95 RGB Platinum XT Mechanical Gaming Keyboard - Gunmetal, Cherry MX Brown",electronic
"LG CX OLED 4K TV - 77-inch, Dolby Vision, ThinQ AI",electronic
"Nikon Z6 Mirrorless Camera - Black, 24.5MP, 4K UHD",electronic
"V-MODA Crossfade M-100 Master Headphones - Matte Black, Over-Ear",electronic
"Bose Home Speaker 300 - Luxe Silver, Smart Speaker",electronic
"Rode NT-USB Microphone - Studio-Quality, USB",electronic
"Amazon Kindle Oasis E-reader - Graphite, 7-inch, Waterproof",electronic
Thrustmaster T300 RS GT Racing Wheel - Official Gran Turismo Edition,electronic
"HyperX Cloud II Gaming Headset - Gun Metal, 7.1 Surround Sound",electronic
"Anker Nebula Soundbar Fire TV Edition - Black, 4K HDR",electronic
"Sony WF-1000XM4 Wireless Earbuds - Silver, Industry Leading Noise Cancelation",electronic
"Bose Frames Tempo Sports Sunglasses - Polarized, Bluetooth Audio",electronic
"Acer Predator X34P Curved Gaming Monitor - 34-inch, WQHD, G-Sync",electronic
"Philips 9000 Series Prestige Electric Shaver - Dark Brushed Chrome, NanoTech Blades",electronic
Logitech G Pro Flight Yoke System - Professional Simulation Controller,electronic
"Beats Studio3 Wireless Headphones - Shadow Gray, Over-Ear",electronic
"Corsair Void RGB Elite Wireless Gaming Headset - White, 7.1 Surround Sound",electronic
"Blue Yeti USB Microphone - Midnight Blue, Recording & Streaming",electronic
"ASUS ROG Swift PG279Q Gaming Monitor - 27-inch, 2K, 165Hz",electronic
"Garmin Instinct Solar Outdoor Watch - Graphite, Solar Charging",electronic
"Razer DeathAdder Elite Gaming Mouse - Chroma RGB, 16,000 DPI",electronic
"Sony HT-X9000F Soundbar - Black, Dolby Atmos, Wireless Subwoofer",electronic
"Bose QuietComfort 35 II Noise Cancelling Headphones - Triple Midnight, Alexa Voice Control",electronic
"Apple Magic Keyboard - Space Gray, Wireless",electronic
"Fitbit Versa 3 Smartwatch - Midnight Blue, Built-in GPS",electronic
"Logitech MX Anywhere 3 Wireless Mouse - Rose, Compact",electronic
"Dyson Supersonic Hair Dryer - Iron/Fuchsia, Fast Drying",electronic
fitness tracker,electronic
ABC battery AA,electronic
ABC battery D,electronic
eager t-shirt,clothing
short pants 3 second,clothing
eager t-shirt,clothing
short pants 3 second,clothing
denim jacket,clothing
running shoes,clothing
summer dress,clothing
necktie,clothing
sneakers adidas,clothing
summer hat,clothing
denim jeans,clothing
hooded sweatshirt,clothing
wristwatch,clothing
fashionable sunglasses,clothing
leather wallet,clothing
winter coat,clothing
running socks,clothing
bucket hat,clothing
trendy sneakers,clothing
denim skirt,clothing
fitness leggings,clothing
graphic t-shirt,clothing
cargo pants,clothing
sun hat,clothing
athletic sneakers,clothing
vintage denim jacket,clothing
silk scarf,clothing
beach shorts,clothing
athleisure hoodie,clothing
batik dress,clothing
songket skirt,clothing
kain sarung,clothing
sepatu kets,clothing
traditional batik blouse,clothing
sarong skirt,clothing
batik headscarf,clothing
traditional kebaya blouse,clothing
batik cap skirt,clothing
sneakers ,clothing
modern kebaya dress,clothing
batik tulis skirt,clothing
running shoes by League,clothing
T-shirt,clothing
Jeans,clothing
Sweater,clothing
Jacket,clothing
Dress,clothing
Skirt,clothing
Blouse,clothing
Shirt,clothing
Pants,clothing
Shorts,clothing
Coat,clothing
Scarf,clothing
Hat,clothing
Socks,clothing
Underwear,clothing
Shoes,clothing
Boots,clothing
Sandals,clothing
Blazer,clothing
Cardigan,clothing
Activewear,clothing
Leggings,clothing
Hoodie,clothing
Tie,clothing
Belt,clothing
Gloves,clothing
Pajamas,clothing
Suit,clothing
Raincoat,clothing
Vest,clothing
Nike Air Max Crimson Sneakers,clothing
Adidas Originals Denim Blue Joggers,clothing
Levi's Vintage Rose Distressed Jeans,clothing
H&M Velvet Elegance Cocktail Dress,clothing
Zara Midnight Chic Wool Coat,clothing
Gucci Coral Couture Silk Blouse,clothing
Calvin Klein Obsidian Office Suit,clothing
Tommy Hilfiger Nautical Striped Sailor Shirt,clothing
Ralph Lauren Polo Ivory Cable Knit Sweater,clothing
Victoria's Secret Lace Luminescence Lingerie Set,clothing
Forever 21 Urban Explorer Graphic Tee,clothing
Gap Golden Glimmer Skinny Belt,clothing
Puma Thunder Electric Blue Sneakers,clothing
Reebok Neon Nectarine Running Shorts,clothing
Fila Retro Celestial Hoodie,clothing
Balenciaga Street Style Windbreaker,clothing
Uniqlo Denim Delight Duster Coat,clothing
Columbia Sportswear Titanium Omni-Heat Jacket,clothing
The North Face Arctic Expedition Parka,clothing
Patagonia Earthy Explorer Hiking Boots,clothing
Vans Checkerboard Slip-On Sneakers,clothing
Converse Classic Canvas High Tops,clothing
New Balance Crimson Comet Running Shoes,clothing
Burberry Plaid Nova Check Scarf,clothing
Lacoste Polo Noir Nectarine,clothing
Coach Signature Michael Kors Tote Bag,clothing
Michael Kors Midnight Mauve Leather Jacket,clothing
Topshop Raspberry Ripple Romper,clothing
Mango Velvet Vortex Vintage Vest,clothing
Diesel Denim Dynamite Skinny Jeans,clothing
Dolce & Gabbana Majestic Marigold Midi Dress,clothing
Armani Platinum Pinnacle Peplum Top,clothing
Hanes Classic White Cotton Undershirts,clothing
Columbia Graphite Galaxy Cap,clothing
Wrangler Rustic Rhapsody Western Shirt,clothing
Timberland Urban Utopia Utility Boots,clothing
Banana Republic Celestial Sapphire Satin Blouse,clothing
J.Crew Polka Dot Panache Pencil Skirt,clothing
Fendi Gossamer Gold Gladiator Sandals,clothing
Balmain Velvet Voyager Military Jacket,clothing
Prada Noir Nectarine Nomad Poncho,clothing
H&M Copper Coast Cargo Shorts,clothing
Victoria's Secret Whispering Willow Wrap Dress,clothing
Forever 21 Velvet Vortex Velvet Hoodie,clothing
Levi's Crystal Cascade Chiffon Skirt,clothing
Zara Noir Nectarine Nautical Blazer,clothing
Nike Velvet Vesper V-Neck Top,clothing
Nike,clothing
Adidas,clothing
Levi's,clothing
H&M,clothing
Zara,clothing
Gucci,clothing
Calvin Klein,clothing
Tommy Hilfiger,clothing
Ralph Lauren,clothing
Victoria's Secret,clothing
Forever 21,clothing
Gap,clothing
Puma,clothing
Reebok,clothing
Fila,clothing
Balenciaga,clothing
Versace,clothing
Under Armour,clothing
ASOS,clothing
Uniqlo,clothing
Columbia Sportswear,clothing
The North Face,clothing
Patagonia,clothing
Vans,clothing
Converse,clothing
New Balance,clothing
Burberry,clothing
Lacoste,clothing
Coach,clothing
Michael Kors,clothing
Topshop,clothing
Mango,clothing
Diesel,clothing
Dolce & Gabbana,clothing
Armani,clothing
Hanes,clothing
Columbia,clothing
Wrangler,clothing
Timberland,clothing
Columbia Sportswear,clothing
Balmain,clothing
Prada,clothing
Columbia Sportswear,clothing
Banana Republic,clothing
Batik,clothing
Kebaya,clothing
Songket,clothing
Ikat,clothing
Sarong,clothing
Tenun,clothing
Ulos,clothing
Balinese Traditional Clothing,clothing
Lurik,clothing
Bugis Silk,clothing
SUN SWALLOW SERI,clothing
SUN SWALLOW TANGGUNG,clothing
"SWALL0W SIZE 10-10,5",clothing
SWALLOW SERI,clothing
SWALLOW SIZE 11,clothing